Date,Year,Month,Mean Temp (C),Max Temp (C),Min Temp (C),Total Rain (mm),Total Snow (cm),Total Precip (mm),season
1938-01-01,1938,1,-7.2,-2.6,-11.7,13.5,26.9,40.4,Winter
1938-02-01,1938,2,-3.7,0.8,-8.2,63.2,13.2,76.5,Winter
1938-03-01,1938,3,1.4,7.4,-4.6,35.3,6.4,41.7,Spring
1938-04-01,1938,4,7.6,13.6,1.6,21.8,11.4,33.3,Spring
1938-05-01,1938,5,12.1,18.8,5.4,72.4,0.0,72.4,Spring
1938-06-01,1938,6,17.3,24.8,9.8,42.2,0.0,42.2,Summer
1938-07-01,1938,7,21.8,28.9,14.6,63.2,0.0,63.2,Summer
1938-08-01,1938,8,22.7,29.7,15.6,37.1,0.0,37.1,Summer
1938-09-01,1938,9,14.2,20.1,8.2,102.1,0.0,102.1,Fall
1938-10-01,1938,10,9.9,16.2,3.6,7.1,0.0,7.1,Fall
1938-11-01,1938,11,3.2,9.0,-2.7,30.5,2.5,33.0,Fall
1938-12-01,1938,12,-2.5,1.1,-6.1,13.7,13.7,27.4,Winter
1939-01-01,1939,1,-6.7,-1.3,-12.0,2.5,45.7,48.3,Winter
1939-02-01,1939,2,-5.8,-0.5,-11.1,30.2,57.9,88.1,Winter
1939-03-01,1939,3,-3.6,0.7,-7.8,26.2,54.4,80.5,Spring
1939-04-01,1939,4,4.1,8.2,-0.1,57.7,32.5,90.2,Spring
1939-05-01,1939,5,13.9,21.1,6.6,26.4,0.0,26.4,Spring
1939-06-01,1939,6,18.0,24.6,11.4,51.8,0.0,51.8,Summer
1939-07-01,1939,7,20.9,28.2,13.5,39.4,0.0,39.4,Summer
1939-08-01,1939,8,21.7,28.7,14.7,51.6,0.0,51.6,Summer
1939-09-01,1939,9,,,,,,,Fall
1939-10-01,1939,10,,,,,,,Fall
1939-11-01,1939,11,,,,,,,Fall
1939-12-01,1939,12,,,,,,,Winter
1940-01-01,1940,1,-9.4,-5.2,-13.6,26.7,21.6,48.3,Winter
1940-02-01,1940,2,-6.2,-2.2,-10.1,6.9,27.2,34.0,Winter
1940-03-01,1940,3,-5.2,-1.3,-9.1,13.2,35.1,48.3,Spring
1940-04-01,1940,4,4.1,8.8,-0.6,45.5,5.3,50.8,Spring
1940-05-01,1940,5,11.7,16.7,6.6,123.4,0.0,123.4,Spring
1940-06-01,1940,6,16.6,21.9,11.2,86.1,0.0,86.1,Summer
1940-07-01,1940,7,20.5,26.6,14.3,70.9,0.0,70.9,Summer
1940-08-01,1940,8,19.4,25.1,13.6,84.1,0.0,84.1,Summer
1940-09-01,1940,9,15.1,20.3,9.8,102.4,0.0,102.4,Fall
1940-10-01,1940,10,7.4,12.8,1.9,45.5,0.0,45.5,Fall
1940-11-01,1940,11,2.2,5.9,-1.6,53.3,61.0,114.3,Fall
1940-12-01,1940,12,-3.6,0.6,-7.7,68.1,14.5,82.6,Winter
1941-01-01,1941,1,-6.9,-3.1,-10.6,21.1,50.0,71.1,Winter
1941-02-01,1941,2,-6.2,-2.6,-9.8,6.4,24.6,31.0,Winter
1941-03-01,1941,3,-3.8,0.6,-8.1,23.6,13.2,36.8,Spring
1941-04-01,1941,4,9.2,15.5,2.9,45.0,0.0,45.0,Spring
1941-05-01,1941,5,13.9,20.3,7.5,53.8,0.0,53.8,Spring
1941-06-01,1941,6,19.3,25.4,13.2,75.7,0.0,75.7,Summer
1941-07-01,1941,7,21.5,27.7,15.3,68.1,0.0,68.1,Summer
1941-08-01,1941,8,19.5,25.6,13.4,39.4,0.0,39.4,Summer
1941-09-01,1941,9,16.8,23.2,10.4,25.1,0.0,25.1,Fall
1941-10-01,1941,10,10.0,14.7,5.2,89.2,0.0,89.2,Fall
1941-11-01,1941,11,4.7,8.5,0.8,52.6,0.0,52.6,Fall
1941-12-01,1941,12,-1.5,1.9,-4.8,24.9,16.3,41.1,Winter
1942-01-01,1942,1,-5.5,-1.4,-9.6,21.8,15.2,37.1,Winter
1942-02-01,1942,2,-7.7,-4.3,-11.0,13.0,28.2,41.1,Winter
1942-03-01,1942,3,1.4,4.3,-1.5,94.0,23.1,117.1,Spring
1942-04-01,1942,4,8.9,14.7,3.1,29.7,13.7,43.4,Spring
1942-05-01,1942,5,12.9,18.2,7.6,208.5,0.0,208.5,Spring
1942-06-01,1942,6,17.8,23.4,12.2,32.8,0.0,32.8,Summer
1942-07-01,1942,7,20.2,26.7,13.7,110.0,0.0,110.0,Summer
1942-08-01,1942,8,19.7,25.7,13.6,28.7,0.0,28.7,Summer
1942-09-01,1942,9,15.1,20.9,9.3,99.8,0.0,99.8,Fall
1942-10-01,1942,10,9.5,14.6,4.3,56.4,0.0,56.4,Fall
1942-11-01,1942,11,2.8,7.2,-1.6,58.4,19.6,78.0,Fall
1942-12-01,1942,12,-5.6,-1.8,-9.4,56.4,53.6,110.0,Winter
1943-01-01,1943,1,-9.1,-4.9,-13.3,2.5,68.3,70.9,Winter
1943-02-01,1943,2,-5.2,-0.5,-9.9,32.3,16.5,48.8,Winter
1943-03-01,1943,3,-3.1,1.8,-8.0,67.1,18.3,85.3,Spring
1943-04-01,1943,4,2.8,7.3,-1.7,50.8,5.8,56.6,Spring
1943-05-01,1943,5,12.1,17.2,6.9,104.4,0.0,104.4,Spring
1943-06-01,1943,6,20.1,26.4,13.8,45.2,0.0,45.2,Summer
1943-07-01,1943,7,21.0,27.1,14.8,86.6,0.0,86.6,Summer
1943-08-01,1943,8,19.9,25.8,13.9,49.3,0.0,49.3,Summer
1943-09-01,1943,9,14.5,20.6,8.4,35.1,0.0,35.1,Fall
1943-10-01,1943,10,8.3,13.6,2.9,73.4,0.0,73.4,Fall
1943-11-01,1943,11,1.9,5.2,-1.4,29.2,11.4,40.6,Fall
1943-12-01,1943,12,-4.8,-0.2,-9.3,10.7,4.8,15.5,Winter
1944-01-01,1944,1,-2.7,1.4,-6.8,10.4,9.7,20.1,Winter
1944-02-01,1944,2,-6.0,-1.4,-10.6,5.8,57.4,63.2,Winter
1944-03-01,1944,3,-3.6,0.3,-7.4,53.3,28.2,81.5,Spring
1944-04-01,1944,4,4.3,8.9,-0.4,71.1,11.7,82.8,Spring
1944-05-01,1944,5,15.2,21.1,9.3,137.9,0.0,137.9,Spring
1944-06-01,1944,6,18.6,24.1,13.1,102.4,0.0,102.4,Summer
1944-07-01,1944,7,21.0,27.4,14.5,90.2,0.0,90.2,Summer
1944-08-01,1944,8,21.3,27.9,14.7,54.9,0.0,54.9,Summer
1944-09-01,1944,9,15.8,21.2,10.3,64.0,0.0,64.0,Fall
1944-10-01,1944,10,8.9,14.9,2.9,17.5,0.0,17.5,Fall
1944-11-01,1944,11,3.3,6.8,-0.2,30.5,12.2,42.7,Fall
1944-12-01,1944,12,-5.7,-1.6,-9.7,6.1,64.5,70.6,Winter
1945-01-01,1945,1,-11.9,-7.2,-16.6,0.3,39.9,40.1,Winter
1945-02-01,1945,2,-6.0,-1.3,-10.7,13.2,34.5,47.8,Winter
1945-03-01,1945,3,5.1,10.4,-0.3,110.7,3.3,114.0,Spring
1945-04-01,1945,4,7.7,12.9,2.4,75.7,7.4,83.1,Spring
1945-05-01,1945,5,9.4,14.3,4.5,145.0,0.0,145.0,Spring
1945-06-01,1945,6,16.7,22.2,11.1,81.3,0.0,81.3,Summer
1945-07-01,1945,7,19.7,25.6,13.7,118.1,0.0,118.1,Summer
1945-08-01,1945,8,19.9,25.6,14.2,49.0,0.0,49.0,Summer
1945-09-01,1945,9,15.9,21.2,10.6,128.8,0.0,128.8,Fall
1945-10-01,1945,10,8.4,13.9,2.8,56.4,0.8,57.2,Fall
1945-11-01,1945,11,3.3,7.2,-0.6,42.2,12.4,54.6,Fall
1945-12-01,1945,12,-6.1,-2.0,-10.2,28.7,13.0,41.7,Winter
1946-01-01,1946,1,-5.3,-0.9,-9.7,61.5,36.1,97.5,Winter
1946-02-01,1946,2,-6.9,-2.3,-11.4,33.5,24.4,57.9,Winter
1946-03-01,1946,3,5.2,10.8,-0.5,28.4,0.0,28.4,Spring
1946-04-01,1946,4,6.0,12.2,-0.2,14.5,2.5,17.0,Spring
1946-05-01,1946,5,11.6,17.8,5.3,95.5,0.0,95.5,Spring
1946-06-01,1946,6,17.1,23.4,10.8,43.7,0.0,43.7,Summer
1946-07-01,1946,7,20.4,27.6,13.2,79.2,0.0,79.2,Summer
1946-08-01,1946,8,18.2,24.1,12.3,37.8,0.0,37.8,Summer
1946-09-01,1946,9,16.3,22.6,9.9,73.7,0.0,73.7,Fall
1946-10-01,1946,10,11.7,18.1,5.3,81.0,0.0,81.0,Fall
1946-11-01,1946,11,4.7,8.6,0.7,36.6,7.9,44.5,Fall
1946-12-01,1946,12,-2.6,1.7,-6.9,32.5,17.8,50.3,Winter
1947-01-01,1947,1,-4.6,-0.1,-9.0,45.7,52.6,98.3,Winter
1947-02-01,1947,2,-7.2,-3.0,-11.4,0.0,27.2,27.2,Winter
1947-03-01,1947,3,-2.2,1.9,-6.3,24.4,22.4,46.7,Spring
1947-04-01,1947,4,5.1,10.0,0.2,56.4,18.5,74.9,Spring
1947-05-01,1947,5,10.7,16.4,4.9,84.8,0.0,84.8,Spring
1947-06-01,1947,6,17.4,23.2,11.5,117.1,0.0,117.1,Summer
1947-07-01,1947,7,20.3,25.7,14.8,103.1,0.0,103.1,Summer
1947-08-01,1947,8,22.5,28.4,16.6,61.0,0.0,61.0,Summer
1947-09-01,1947,9,16.4,22.4,10.4,37.6,0.0,37.6,Fall
1947-10-01,1947,10,13.5,20.0,6.9,34.3,0.0,34.3,Fall
1947-11-01,1947,11,2.1,5.9,-1.7,17.5,12.2,29.7,Fall
1947-12-01,1947,12,-4.6,-0.4,-8.7,19.6,24.6,44.2,Winter
1948-01-01,1948,1,-9.7,-4.7,-14.7,2.5,37.6,40.1,Winter
1948-02-01,1948,2,-7.8,-2.7,-12.9,33.5,33.5,67.1,Winter
1948-03-01,1948,3,-2.1,3.6,-7.7,44.5,13.5,57.9,Spring
1948-04-01,1948,4,7.6,13.3,1.9,52.6,0.0,52.6,Spring
1948-05-01,1948,5,11.2,17.4,4.9,62.7,0.0,62.7,Spring
1948-06-01,1948,6,17.9,24.2,11.6,80.5,0.0,80.5,Summer
1948-07-01,1948,7,21.0,27.6,14.3,51.3,0.0,51.3,Summer
1948-08-01,1948,8,20.9,27.6,14.2,48.5,0.0,48.5,Summer
1948-09-01,1948,9,17.9,24.0,11.7,154.4,0.0,154.4,Fall
1948-10-01,1948,10,8.4,12.7,4.0,58.4,0.0,58.4,Fall
1948-11-01,1948,11,6.3,9.6,2.9,80.3,0.8,81.0,Fall
1948-12-01,1948,12,-1.7,1.8,-5.2,16.5,31.2,47.8,Winter
1949-01-01,1949,1,-2.9,0.4,-6.2,39.4,30.0,69.3,Winter
1949-02-01,1949,2,-3.6,0.9,-8.1,49.8,26.2,75.9,Winter
1949-03-01,1949,3,-1.7,2.9,-6.2,25.4,37.6,63.0,Spring
1949-04-01,1949,4,6.7,12.4,0.9,30.7,0.5,31.2,Spring
1949-05-01,1949,5,13.9,21.0,6.7,9.4,0.0,9.4,Spring
1949-06-01,1949,6,21.7,28.8,14.6,4.1,0.0,4.1,Summer
1949-07-01,1949,7,22.6,28.6,16.6,61.5,0.0,61.5,Summer
1949-08-01,1949,8,22.0,28.6,15.3,133.9,0.0,133.9,Summer
1949-09-01,1949,9,14.3,19.4,9.1,90.2,0.0,90.2,Fall
1949-10-01,1949,10,11.8,17.5,6.1,67.8,0.0,67.8,Fall
1949-11-01,1949,11,1.5,5.3,-2.4,23.4,24.6,48.0,Fall
1949-12-01,1949,12,-1.5,2.4,-5.4,72.4,12.4,84.8,Winter
1950-01-01,1950,1,-1.8,2.7,-6.2,59.9,36.6,96.5,Winter
1950-02-01,1950,2,-6.6,-2.3,-10.9,5.6,66.5,72.1,Winter
1950-03-01,1950,3,-4.2,0.3,-8.7,21.6,41.7,63.2,Spring
1950-04-01,1950,4,3.4,8.1,-1.4,47.2,14.5,61.7,Spring
1950-05-01,1950,5,12.3,18.6,5.9,20.1,0.0,20.1,Spring
1950-06-01,1950,6,17.7,24.4,10.9,64.0,0.0,64.0,Summer
1950-07-01,1950,7,19.9,26.1,13.6,116.3,0.0,116.3,Summer
1950-08-01,1950,8,19.2,25.0,13.3,85.1,0.0,85.1,Summer
1950-09-01,1950,9,14.2,19.4,9.0,22.1,0.0,22.1,Fall
1950-10-01,1950,10,11.1,16.4,5.8,78.0,0.0,78.0,Fall
1950-11-01,1950,11,2.2,6.4,-2.1,40.4,50.0,90.4,Fall
1950-12-01,1950,12,-3.5,0.0,-6.9,21.8,5.8,27.7,Winter
1951-01-01,1951,1,-4.3,-0.4,-8.1,35.6,24.9,60.5,Winter
1951-02-01,1951,2,-4.4,0.1,-8.8,33.8,10.4,44.2,Winter
1951-03-01,1951,3,0.3,3.6,-3.1,78.0,19.6,97.5,Spring
1951-04-01,1951,4,6.3,10.5,2.1,108.2,0.5,108.7,Spring
1951-05-01,1951,5,13.7,20.2,7.1,36.8,0.0,36.8,Spring
1951-06-01,1951,6,17.7,23.1,12.2,88.4,0.0,88.4,Summer
1951-07-01,1951,7,21.0,26.9,15.0,90.4,0.0,90.4,Summer
1951-08-01,1951,8,19.5,25.6,13.3,52.3,0.0,52.3,Summer
1951-09-01,1951,9,15.5,21.8,9.1,41.7,0.0,41.7,Fall
1951-10-01,1951,10,9.9,15.0,4.7,60.5,0.0,60.5,Fall
1951-11-01,1951,11,0.2,3.7,-3.3,45.5,25.1,70.6,Fall
1951-12-01,1951,12,-3.5,0.8,-7.7,13.0,86.6,99.6,Winter
1952-01-01,1952,1,-4.7,-0.3,-9.1,23.6,43.7,67.3,Winter
1952-02-01,1952,2,-3.7,-0.1,-7.3,20.1,20.8,40.9,Winter
1952-03-01,1952,3,-1.1,2.5,-4.7,58.9,7.6,66.5,Spring
1952-04-01,1952,4,8.4,13.9,2.9,57.9,0.5,58.4,Spring
1952-05-01,1952,5,11.5,17.3,5.7,72.6,0.0,72.6,Spring
1952-06-01,1952,6,19.1,25.2,12.9,29.0,0.0,29.0,Summer
1952-07-01,1952,7,22.8,29.2,16.3,68.8,0.0,68.8,Summer
1952-08-01,1952,8,19.8,26.1,13.5,61.0,0.0,61.0,Summer
1952-09-01,1952,9,17.1,23.8,10.3,60.2,0.0,60.2,Fall
1952-10-01,1952,10,6.9,12.8,0.9,16.5,0.8,17.3,Fall
1952-11-01,1952,11,4.6,8.7,0.4,90.7,0.0,90.7,Fall
1952-12-01,1952,12,-0.2,2.9,-3.3,28.7,11.4,40.1,Winter
1953-01-01,1953,1,-2.9,0.9,-6.6,26.4,16.8,43.2,Winter
1953-02-01,1953,2,-2.4,1.6,-6.4,11.4,24.6,36.1,Winter
1953-03-01,1953,3,1.2,5.2,-2.9,66.8,0.3,67.1,Spring
1953-04-01,1953,4,5.7,10.3,1.1,62.0,0.0,62.0,Spring
1953-05-01,1953,5,13.0,18.1,7.9,136.1,0.0,136.1,Spring
1953-06-01,1953,6,18.5,24.2,12.7,69.6,0.0,69.6,Summer
1953-07-01,1953,7,21.2,27.2,15.1,71.9,0.0,71.9,Summer
1953-08-01,1953,8,20.6,26.8,14.4,102.9,0.0,102.9,Summer
1953-09-01,1953,9,16.0,22.0,9.9,72.9,0.0,72.9,Fall
1953-10-01,1953,10,10.5,16.8,4.1,19.3,0.0,19.3,Fall
1953-11-01,1953,11,5.4,9.7,1.1,27.4,14.5,41.9,Fall
1953-12-01,1953,12,-0.6,3.0,-4.2,25.9,21.6,47.5,Winter
1954-01-01,1954,1,-8.0,-3.7,-12.3,17.0,35.3,52.3,Winter
1954-02-01,1954,2,-1.9,2.4,-6.1,27.2,32.8,59.9,Winter
1954-03-01,1954,3,-1.2,2.6,-4.9,56.6,20.3,77.0,Spring
1954-04-01,1954,4,7.0,12.2,1.8,91.4,0.0,91.4,Spring
1954-05-01,1954,5,11.3,17.3,5.2,19.3,0.0,19.3,Spring
1954-06-01,1954,6,19.3,24.4,14.1,116.1,0.0,116.1,Summer
1954-07-01,1954,7,20.1,26.8,13.4,18.3,0.0,18.3,Summer
1954-08-01,1954,8,19.2,25.1,13.3,91.2,0.0,91.2,Summer
1954-09-01,1954,9,15.5,20.2,10.7,80.5,0.0,80.5,Fall
1954-10-01,1954,10,11.0,15.4,6.5,213.9,0.0,213.9,Fall
1954-11-01,1954,11,4.0,7.7,0.3,32.8,4.6,37.3,Fall
1954-12-01,1954,12,-3.4,-0.1,-6.6,32.0,25.1,57.2,Winter
1955-01-01,1955,1,-5.8,-2.6,-9.0,15.0,22.1,37.1,Winter
1955-02-01,1955,2,-5.3,-1.2,-9.3,24.1,14.5,38.6,Winter
1955-03-01,1955,3,-1.1,2.9,-5.1,27.9,42.7,70.6,Spring
1955-04-01,1955,4,9.5,14.7,4.2,63.2,0.0,63.2,Spring
1955-05-01,1955,5,14.6,20.9,8.3,59.7,0.0,59.7,Spring
1955-06-01,1955,6,19.0,25.3,12.7,24.6,0.0,24.6,Summer
1955-07-01,1955,7,24.2,31.0,17.4,34.8,0.0,34.8,Summer
1955-08-01,1955,8,23.0,28.1,17.8,104.4,0.0,104.4,Summer
1955-09-01,1955,9,15.8,21.9,9.7,30.7,0.0,30.7,Fall
1955-10-01,1955,10,11.0,16.1,5.9,77.0,0.0,77.0,Fall
1955-11-01,1955,11,2.4,5.9,-1.1,48.3,3.8,52.1,Fall
1955-12-01,1955,12,-5.5,-1.8,-9.1,18.5,34.8,53.3,Winter
1956-01-01,1956,1,-5.7,-2.2,-9.2,5.6,37.3,42.9,Winter
1956-02-01,1956,2,-4.5,-0.5,-8.4,18.5,27.9,46.5,Winter
1956-03-01,1956,3,-2.5,1.4,-6.4,32.8,43.9,76.7,Spring
1956-04-01,1956,4,4.4,9.1,-0.4,57.9,11.4,69.3,Spring
1956-05-01,1956,5,10.1,15.6,4.6,114.0,0.0,114.0,Spring
1956-06-01,1956,6,18.2,23.6,12.7,38.9,0.0,38.9,Summer
1956-07-01,1956,7,19.4,24.7,14.1,108.0,0.0,108.0,Summer
1956-08-01,1956,8,19.5,24.8,14.2,124.7,0.0,124.7,Summer
1956-09-01,1956,9,13.1,18.7,7.4,40.1,0.0,40.1,Fall
1956-10-01,1956,10,10.5,16.6,4.3,22.9,0.0,22.9,Fall
1956-11-01,1956,11,3.9,7.7,0.1,22.4,5.1,27.4,Fall
1956-12-01,1956,12,-1.2,2.2,-4.5,40.6,25.9,66.5,Winter
1957-01-01,1957,1,-8.5,-4.2,-12.8,19.3,36.6,55.9,Winter
1957-02-01,1957,2,-4.0,0.5,-8.4,27.4,30.7,58.2,Winter
1957-03-01,1957,3,0.8,4.7,-3.1,20.1,7.9,27.9,Spring
1957-04-01,1957,4,7.7,12.7,2.7,76.2,10.7,86.9,Spring
1957-05-01,1957,5,11.8,17.4,6.2,72.1,0.0,72.1,Spring
1957-06-01,1957,6,19.2,25.0,13.4,91.9,0.0,91.9,Summer
1957-07-01,1957,7,21.1,27.3,14.8,11.4,0.0,11.4,Summer
1957-08-01,1957,8,19.2,25.3,13.0,61.0,0.0,61.0,Summer
1957-09-01,1957,9,15.9,21.6,10.2,96.8,0.0,96.8,Fall
1957-10-01,1957,10,8.9,14.2,3.6,44.7,0.0,44.7,Fall
1957-11-01,1957,11,4.1,8.1,0.0,41.4,4.6,46.0,Fall
1957-12-01,1957,12,-0.2,3.3,-3.6,58.4,10.4,68.8,Winter
1958-01-01,1958,1,-5.1,-1.6,-8.6,0.0,25.1,25.1,Winter
1958-02-01,1958,2,-7.7,-4.1,-11.2,11.2,25.7,36.8,Winter
1958-03-01,1958,3,1.4,4.8,-2.1,2.3,22.6,24.9,Spring
1958-04-01,1958,4,8.1,14.1,2.1,28.7,7.1,35.8,Spring
1958-05-01,1958,5,12.0,18.6,5.3,23.9,0.0,23.9,Spring
1958-06-01,1958,6,16.1,22.7,9.4,26.7,0.0,26.7,Summer
1958-07-01,1958,7,21.2,26.7,15.6,58.4,0.0,58.4,Summer
1958-08-01,1958,8,20.2,26.6,13.8,69.1,0.0,69.1,Summer
1958-09-01,1958,9,16.6,21.4,11.7,78.5,0.0,78.5,Fall
1958-10-01,1958,10,9.7,14.6,4.7,31.2,0.0,31.2,Fall
1958-11-01,1958,11,4.1,8.4,-0.2,50.5,20.6,71.1,Fall
1958-12-01,1958,12,-7.0,-2.8,-11.2,1.3,24.1,25.4,Winter
1959-01-01,1959,1,-7.2,-3.1,-11.2,39.9,25.7,65.5,Winter
1959-02-01,1959,2,-7.6,-2.6,-12.6,28.2,46.0,74.2,Winter
1959-03-01,1959,3,-2.0,2.3,-6.2,30.7,29.2,59.9,Spring
1959-04-01,1959,4,7.1,12.4,1.7,61.0,0.0,61.0,Spring
1959-05-01,1959,5,14.2,20.0,8.3,41.1,0.3,41.4,Spring
1959-06-01,1959,6,19.9,25.9,13.9,22.4,0.0,22.4,Summer
1959-07-01,1959,7,22.3,28.9,15.7,27.7,0.0,27.7,Summer
1959-08-01,1959,8,23.8,29.3,18.3,38.6,0.0,38.6,Summer
1959-09-01,1959,9,18.7,24.2,13.2,69.3,0.0,69.3,Fall
1959-10-01,1959,10,9.7,13.4,5.9,79.5,0.0,79.5,Fall
1959-11-01,1959,11,2.1,5.8,-1.6,43.4,12.7,56.1,Fall
1959-12-01,1959,12,-1.4,1.4,-4.2,59.7,20.8,80.5,Winter
1960-01-01,1960,1,-5.1,-1.9,-8.3,33.5,34.5,68.1,Winter
1960-02-01,1960,2,-4.4,-0.9,-7.9,26.7,38.1,64.8,Winter
1960-03-01,1960,3,-6.0,-1.2,-10.8,7.1,31.8,38.9,Spring
1960-04-01,1960,4,7.5,12.4,2.5,61.7,2.8,64.5,Spring
1960-05-01,1960,5,13.6,18.3,8.8,116.8,0.0,116.8,Spring
1960-06-01,1960,6,18.2,24.1,12.2,55.6,0.0,55.6,Summer
1960-07-01,1960,7,20.3,26.4,14.2,103.9,0.0,103.9,Summer
1960-08-01,1960,8,20.4,26.5,14.2,39.6,0.0,39.6,Summer
1960-09-01,1960,9,17.6,23.4,11.8,6.4,0.0,6.4,Fall
1960-10-01,1960,10,9.9,15.5,4.2,57.7,0.3,57.9,Fall
1960-11-01,1960,11,5.5,9.6,1.4,52.8,10.7,57.2,Fall
1960-12-01,1960,12,-5.4,-1.2,-9.5,1.0,15.7,17.0,Winter
1961-01-01,1961,1,-8.1,-3.9,-12.3,0.0,15.2,10.9,Winter
1961-02-01,1961,2,-3.0,1.4,-7.4,41.9,23.4,59.2,Winter
1961-03-01,1961,3,0.1,3.8,-3.6,19.8,32.8,77.0,Spring
1961-04-01,1961,4,4.6,8.5,0.7,69.6,24.4,98.3,Spring
1961-05-01,1961,5,11.7,17.6,5.7,63.5,0.5,64.0,Spring
1961-06-01,1961,6,18.0,23.8,12.1,82.8,0.0,82.8,Summer
1961-07-01,1961,7,21.1,26.9,15.3,80.5,0.0,80.5,Summer
1961-08-01,1961,8,20.6,26.4,14.8,56.1,0.0,56.1,Summer
1961-09-01,1961,9,19.3,25.4,13.2,42.4,0.0,42.4,Fall
1961-10-01,1961,10,12.0,18.2,5.7,14.7,0.0,14.7,Fall
1961-11-01,1961,11,3.2,7.9,-1.6,48.0,4.8,51.6,Fall
1961-12-01,1961,12,-2.5,1.4,-6.3,31.2,15.2,46.2,Winter
1962-01-01,1962,1,-7.3,-2.4,-12.1,32.0,37.1,67.6,Winter
1962-02-01,1962,2,-8.1,-3.0,-13.2,13.0,63.0,86.1,Winter
1962-03-01,1962,3,-0.4,4.5,-5.2,7.9,4.1,11.9,Spring
1962-04-01,1962,4,6.9,13.2,0.5,24.4,10.2,34.5,Spring
1962-05-01,1962,5,15.9,23.0,8.8,11.7,0.0,11.7,Spring
1962-06-01,1962,6,18.7,25.1,12.3,65.3,0.0,65.3,Summer
1962-07-01,1962,7,19.8,25.9,13.6,90.7,0.0,90.7,Summer
1962-08-01,1962,8,20.5,26.8,14.2,76.2,0.0,76.2,Summer
1962-09-01,1962,9,14.5,19.9,9.1,131.8,0.0,131.8,Fall
1962-10-01,1962,10,10.3,15.1,5.5,90.9,7.4,98.0,Fall
1962-11-01,1962,11,2.4,6.7,-2.0,93.0,3.8,96.8,Fall
1962-12-01,1962,12,-4.5,-0.2,-8.7,43.7,20.6,59.9,Winter
1963-01-01,1963,1,-8.6,-4.9,-12.2,1.3,26.4,25.9,Winter
1963-02-01,1963,2,-9.4,-4.1,-14.7,1.8,13.0,13.5,Winter
1963-03-01,1963,3,0.8,5.8,-4.3,34.5,20.1,59.7,Spring
1963-04-01,1963,4,6.9,13.3,0.4,44.7,9.4,54.1,Spring
1963-05-01,1963,5,12.0,18.4,5.5,72.6,0.0,72.6,Spring
1963-06-01,1963,6,19.2,26.2,12.2,42.7,0.0,42.7,Summer
1963-07-01,1963,7,21.4,27.9,14.9,73.7,0.0,73.7,Summer
1963-08-01,1963,8,18.9,24.9,12.9,57.7,0.0,57.7,Summer
1963-09-01,1963,9,14.0,20.6,7.4,48.0,0.0,48.0,Fall
1963-10-01,1963,10,13.6,20.9,6.2,9.1,0.0,9.1,Fall
1963-11-01,1963,11,6.2,9.8,2.6,65.0,0.5,65.5,Fall
1963-12-01,1963,12,-7.5,-2.9,-12.0,5.8,55.9,42.9,Winter
1964-01-01,1964,1,-4.0,0.4,-8.4,44.2,18.3,58.7,Winter
1964-02-01,1964,2,-6.1,-0.4,-11.8,0.0,32.3,28.7,Winter
1964-03-01,1964,3,-0.8,3.6,-5.1,46.0,42.9,87.1,Spring
1964-04-01,1964,4,5.8,11.2,0.3,63.0,8.1,73.9,Spring
1964-05-01,1964,5,13.8,20.8,6.7,41.4,0.0,41.4,Spring
1964-06-01,1964,6,16.7,24.2,9.2,38.1,0.0,38.1,Summer
1964-07-01,1964,7,21.1,27.3,14.9,101.6,0.0,101.6,Summer
1964-08-01,1964,8,16.8,22.8,10.8,147.6,0.0,147.6,Summer
1964-09-01,1964,9,14.2,20.6,7.8,14.0,0.0,14.0,Fall
1964-10-01,1964,10,7.6,14.2,1.0,45.5,0.8,46.2,Fall
1964-11-01,1964,11,3.8,8.4,-0.9,23.4,12.4,32.8,Fall
1964-12-01,1964,12,-3.3,0.7,-7.2,33.8,25.4,52.6,Winter
1965-01-01,1965,1,-6.9,-2.3,-11.4,35.6,44.2,70.1,Winter
1965-02-01,1965,2,-5.9,-1.4,-10.4,38.4,56.4,107.2,Winter
1965-03-01,1965,3,-3.5,0.4,-7.3,2.5,41.4,45.0,Spring
1965-04-01,1965,4,3.4,8.2,-1.4,65.5,9.7,75.2,Spring
1965-05-01,1965,5,13.3,20.3,6.2,46.5,0.0,46.5,Spring
1965-06-01,1965,6,16.5,23.6,9.3,40.1,0.0,40.1,Summer
1965-07-01,1965,7,17.3,24.0,10.6,63.5,0.0,63.5,Summer
1965-08-01,1965,8,18.1,24.4,11.7,74.9,0.0,74.9,Summer
1965-09-01,1965,9,15.2,20.4,9.9,66.5,0.0,66.5,Fall
1965-10-01,1965,10,7.3,12.5,2.1,103.4,1.3,104.6,Fall
1965-11-01,1965,11,2.7,6.7,-1.4,76.5,4.8,81.0,Fall
1965-12-01,1965,12,-0.7,2.8,-4.1,48.3,10.4,63.8,Winter
1966-01-01,1966,1,-8.2,-3.4,-12.9,2.5,68.8,60.7,Winter
1966-02-01,1966,2,-5.3,-1.2,-9.4,17.3,16.0,30.5,Winter
1966-03-01,1966,3,0.7,4.7,-3.4,44.7,11.7,55.6,Spring
1966-04-01,1966,4,4.6,9.4,-0.3,29.7,18.0,52.8,Spring
1966-05-01,1966,5,9.4,15.7,3.0,44.7,0.5,47.2,Spring
1966-06-01,1966,6,17.8,24.3,11.2,72.6,0.0,72.6,Summer
1966-07-01,1966,7,21.3,28.7,13.8,15.0,0.0,15.0,Summer
1966-08-01,1966,8,19.4,25.7,13.1,70.4,0.0,70.4,Summer
1966-09-01,1966,9,14.0,20.1,7.9,55.1,0.0,55.1,Fall
1966-10-01,1966,10,8.3,14.3,2.3,24.4,0.0,24.4,Fall
1966-11-01,1966,11,3.9,7.8,-0.1,128.0,15.7,142.7,Fall
1966-12-01,1966,12,-3.2,0.5,-6.9,71.4,15.2,84.8,Winter
1967-01-01,1967,1,-3.5,0.8,-7.7,12.2,55.1,55.4,Winter
1967-02-01,1967,2,-8.7,-3.1,-14.2,13.0,41.4,42.4,Winter
1967-03-01,1967,3,-2.5,2.1,-7.1,3.3,23.1,21.1,Spring
1967-04-01,1967,4,6.1,11.5,0.7,85.1,14.0,99.1,Spring
1967-05-01,1967,5,8.5,14.1,2.9,48.8,0.3,49.0,Spring
1967-06-01,1967,6,19.3,25.4,13.1,150.9,0.0,150.9,Summer
1967-07-01,1967,7,18.9,24.5,13.3,65.0,0.0,65.0,Summer
1967-08-01,1967,8,17.9,23.9,11.9,45.7,0.0,45.7,Summer
1967-09-01,1967,9,14.2,21.2,7.1,68.1,0.0,68.1,Fall
1967-10-01,1967,10,8.8,13.5,4.0,75.2,0.0,75.2,Fall
1967-11-01,1967,11,1.3,4.7,-2.2,35.8,3.6,39.4,Fall
1967-12-01,1967,12,-1.9,1.9,-5.7,58.9,10.7,69.6,Winter
1968-01-01,1968,1,-8.8,-4.5,-13.1,41.4,50.0,82.0,Winter
1968-02-01,1968,2,-7.6,-3.0,-12.2,31.0,7.9,37.8,Winter
1968-03-01,1968,3,0.3,5.3,-4.7,33.3,38.4,57.4,Spring
1968-04-01,1968,4,7.6,14.2,0.9,30.2,0.0,30.2,Spring
1968-05-01,1968,5,9.7,15.1,4.2,101.3,0.0,101.3,Spring
1968-06-01,1968,6,16.4,22.3,10.4,57.9,0.0,57.9,Summer
1968-07-01,1968,7,19.5,26.3,12.6,58.2,0.0,58.2,Summer
1968-08-01,1968,8,18.7,25.0,12.4,163.6,0.0,163.6,Summer
1968-09-01,1968,9,16.6,21.8,11.3,88.1,0.0,88.1,Fall
1968-10-01,1968,10,10.1,15.4,4.7,41.1,0.0,41.1,Fall
1968-11-01,1968,11,2.6,6.2,-1.1,87.1,6.6,93.2,Fall
1968-12-01,1968,12,-4.8,-0.7,-8.9,27.9,39.4,80.0,Winter
1969-01-01,1969,1,-6.5,-2.2,-10.8,37.1,17.0,50.3,Winter
1969-02-01,1969,2,-5.1,-0.9,-9.3,0.8,13.5,15.7,Winter
1969-03-01,1969,3,-1.8,2.6,-6.1,26.7,6.6,35.6,Spring
1969-04-01,1969,4,6.8,12.8,0.8,89.9,0.0,89.9,Spring
1969-05-01,1969,5,11.2,17.7,4.7,75.4,0.0,75.4,Spring
1969-06-01,1969,6,15.9,21.8,9.9,38.9,0.0,38.9,Summer
1969-07-01,1969,7,20.1,26.4,13.8,107.4,0.0,107.4,Summer
1969-08-01,1969,8,20.9,27.4,14.3,56.6,0.0,56.6,Summer
1969-09-01,1969,9,15.6,21.9,9.3,15.0,0.0,15.0,Fall
1969-10-01,1969,10,8.3,13.8,2.7,39.4,12.4,49.0,Fall
1969-11-01,1969,11,3.3,6.7,-0.1,64.0,7.4,71.1,Fall
1969-12-01,1969,12,-6.3,-2.1,-10.4,18.8,50.5,61.2,Winter
1970-01-01,1970,1,-10.9,-5.9,-15.8,1.3,37.6,25.7,Winter
1970-02-01,1970,2,-6.6,-1.6,-11.6,5.1,23.9,29.7,Winter
1970-03-01,1970,3,-2.3,1.9,-6.4,25.1,14.5,43.7,Spring
1970-04-01,1970,4,6.6,12.3,0.9,71.4,7.4,81.3,Spring
1970-05-01,1970,5,12.0,18.1,5.9,56.6,0.0,56.6,Spring
1970-06-01,1970,6,17.1,23.9,10.3,38.1,0.0,38.1,Summer
1970-07-01,1970,7,20.6,26.6,14.6,113.5,0.0,113.5,Summer
1970-08-01,1970,8,19.7,26.1,13.2,113.3,0.0,113.3,Summer
1970-09-01,1970,9,15.4,20.6,10.2,61.7,0.0,61.7,Fall
1970-10-01,1970,10,10.1,14.8,5.4,63.8,0.0,63.8,Fall
1970-11-01,1970,11,4.1,7.6,0.5,39.4,4.1,45.0,Fall
1970-12-01,1970,12,-5.2,-1.3,-9.0,23.1,70.9,80.5,Winter
1971-01-01,1971,1,-9.2,-4.5,-13.8,4.8,30.7,29.2,Winter
1971-02-01,1971,2,-5.2,-1.4,-8.9,40.9,31.8,71.1,Winter
1971-03-01,1971,3,-3.5,0.6,-7.5,4.8,32.3,33.5,Spring
1971-04-01,1971,4,4.6,10.2,-1.1,24.6,1.5,24.9,Spring
1971-05-01,1971,5,11.6,18.5,4.6,34.8,0.0,34.8,Spring
1971-06-01,1971,6,17.9,24.2,11.5,77.0,0.0,77.0,Summer
1971-07-01,1971,7,19.0,25.5,12.4,78.5,0.0,78.5,Summer
1971-08-01,1971,8,18.8,25.6,12.0,126.0,0.0,126.0,Summer
1971-09-01,1971,9,16.9,22.2,11.5,32.5,0.0,32.5,Fall
1971-10-01,1971,10,12.6,17.9,7.2,37.6,0.0,37.6,Fall
1971-11-01,1971,11,2.6,6.6,-1.5,19.3,16.5,35.1,Fall
1971-12-01,1971,12,-1.3,3.1,-5.6,66.0,31.5,92.7,Winter
1972-01-01,1972,1,-6.0,-1.3,-10.6,10.9,32.8,37.8,Winter
1972-02-01,1972,2,-8.0,-2.8,-13.1,6.1,55.1,59.7,Winter
1972-03-01,1972,3,-4.3,-0.1,-8.4,31.2,42.4,96.8,Spring
1972-04-01,1972,4,2.8,8.1,-2.5,42.2,10.2,52.8,Spring
1972-05-01,1972,5,13.0,19.8,6.2,35.3,0.0,35.3,Spring
1972-06-01,1972,6,15.6,21.4,9.7,113.0,0.0,113.0,Summer
1972-07-01,1972,7,19.8,26.2,13.3,34.5,0.0,34.5,Summer
1972-08-01,1972,8,18.5,24.3,12.6,74.9,0.0,74.9,Summer
1972-09-01,1972,9,15.4,21.7,9.0,84.1,0.0,84.1,Fall
1972-10-01,1972,10,6.3,11.4,1.1,98.6,0.3,98.8,Fall
1972-11-01,1972,11,1.0,4.2,-2.2,53.1,17.8,72.1,Fall
1972-12-01,1972,12,-3.1,0.6,-6.8,54.6,46.2,95.0,Winter
1973-01-01,1973,1,-4.3,-0.2,-8.3,19.6,14.0,34.3,Winter
1973-02-01,1973,2,-7.6,-2.3,-12.9,19.3,19.8,36.3,Winter
1973-03-01,1973,3,3.2,7.5,-1.1,112.3,8.9,121.2,Spring
1973-04-01,1973,4,6.5,11.7,1.3,60.2,2.3,62.2,Spring
1973-05-01,1973,5,10.9,16.0,5.7,87.9,0.0,87.9,Spring
1973-06-01,1973,6,18.4,24.4,12.4,67.8,0.0,67.8,Summer
1973-07-01,1973,7,20.8,27.3,14.2,62.5,0.0,62.5,Summer
1973-08-01,1973,8,21.9,28.1,15.6,29.2,0.0,29.2,Summer
1973-09-01,1973,9,15.7,22.6,8.7,53.3,0.0,53.3,Fall
1973-10-01,1973,10,10.7,15.8,5.5,124.7,0.0,124.7,Fall
1973-11-01,1973,11,3.6,7.4,-0.2,91.4,1.8,93.0,Fall
1973-12-01,1973,12,-4.5,-0.7,-8.2,37.8,45.5,76.5,Winter
1974-01-01,1974,1,-5.9,-1.6,-10.2,34.3,35.6,66.8,Winter
1974-02-01,1974,2,-8.0,-3.2,-12.7,23.9,25.7,45.2,Winter
1974-03-01,1974,3,-1.0,3.3,-5.2,41.1,17.3,56.9,Spring
1974-04-01,1974,4,7.0,13.0,1.0,90.7,1.5,92.2,Spring
1974-05-01,1974,5,9.9,15.7,4.0,140.0,0.0,140.0,Spring
1974-06-01,1974,6,16.6,22.3,10.9,127.3,0.0,127.3,Summer
1974-07-01,1974,7,20.3,26.7,13.9,58.7,0.0,58.7,Summer
1974-08-01,1974,8,19.7,26.5,12.8,14.5,0.0,14.5,Summer
1974-09-01,1974,9,13.9,20.4,7.3,46.5,0.0,46.5,Fall
1974-10-01,1974,10,7.1,13.3,0.8,24.1,0.0,24.1,Fall
1974-11-01,1974,11,3.1,6.9,-0.7,72.6,2.3,74.7,Fall
1974-12-01,1974,12,-1.3,1.6,-4.2,16.3,28.4,45.5,Winter
1975-01-01,1975,1,-3.4,1.0,-7.7,40.9,16.0,51.6,Winter
1975-02-01,1975,2,-3.9,-0.5,-7.3,47.0,31.8,72.4,Winter
1975-03-01,1975,3,-2.5,1.7,-6.6,44.5,18.8,63.8,Spring
1975-04-01,1975,4,2.8,7.7,-2.2,42.2,27.2,69.6,Spring
1975-05-01,1975,5,15.5,21.6,9.3,64.3,0.0,64.3,Spring
1975-06-01,1975,6,18.1,23.8,12.4,62.5,0.0,62.5,Summer
1975-07-01,1975,7,21.6,28.3,14.9,51.3,0.0,51.3,Summer
1975-08-01,1975,8,19.9,25.9,13.9,109.0,0.0,109.0,Summer
1975-09-01,1975,9,13.1,18.4,7.8,65.3,0.0,65.3,Fall
1975-10-01,1975,10,9.4,14.7,4.1,54.9,0.0,54.9,Fall
1975-11-01,1975,11,6.4,10.9,1.9,52.8,2.5,54.9,Fall
1975-12-01,1975,12,-4.9,-0.1,-9.6,27.4,60.7,69.9,Winter
1976-01-01,1976,1,-10.1,-4.2,-16.0,11.9,47.8,52.3,Winter
1976-02-01,1976,2,-2.8,1.8,-7.3,52.8,6.6,59.2,Winter
1976-03-01,1976,3,0.2,5.0,-4.7,64.8,27.7,116.3,Spring
1976-04-01,1976,4,7.7,13.7,1.6,47.8,15.2,72.1,Spring
1976-05-01,1976,5,10.6,16.3,4.9,112.3,2.3,114.6,Spring
1976-06-01,1976,6,18.6,24.9,12.3,83.3,0.0,83.3,Summer
1976-07-01,1976,7,18.6,24.3,12.9,81.8,0.0,81.8,Summer
1976-08-01,1976,8,18.6,24.9,12.2,64.8,0.0,64.8,Summer
1976-09-01,1976,9,14.4,20.5,8.3,69.9,0.0,69.9,Fall
1976-10-01,1976,10,6.1,10.9,1.2,59.4,4.1,64.5,Fall
1976-11-01,1976,11,0.2,4.4,-4.1,7.4,5.3,11.7,Fall
1976-12-01,1976,12,-7.5,-2.8,-12.2,12.7,38.4,36.1,Winter
1977-01-01,1977,1,-11.7,-7.5,-15.9,0.0,49.3,36.9,Winter
1977-02-01,1977,2,-6.0,-2.2,-9.8,20.4,7.2,26.3,Winter
1977-03-01,1977,3,2.2,7.0,-2.7,57.0,17.2,71.9,Spring
1977-04-01,1977,4,7.4,13.5,1.2,69.6,0.7,70.3,Spring
1977-05-01,1977,5,14.5,21.9,7.0,28.3,0.0,28.3,Spring
1977-06-01,1977,6,16.7,23.0,10.3,104.0,0.0,104.0,Summer
1977-07-01,1977,7,20.5,26.3,14.6,118.5,0.0,118.5,Summer
1977-08-01,1977,8,18.0,23.7,12.3,103.3,0.0,103.3,Summer
1977-09-01,1977,9,15.1,19.3,10.9,154.2,0.0,154.2,Fall
1977-10-01,1977,10,8.0,13.1,2.9,69.4,0.0,69.4,Fall
1977-11-01,1977,11,4.0,7.4,0.6,77.9,6.6,85.9,Fall
1977-12-01,1977,12,-4.5,-0.8,-8.1,50.3,58.7,102.3,Winter
1978-01-01,1978,1,-8.6,-4.8,-12.4,30.4,50.8,69.2,Winter
1978-02-01,1978,2,-9.9,-5.3,-14.5,0.0,15.5,9.1,Winter
1978-03-01,1978,3,-3.9,0.4,-8.1,31.5,9.3,39.8,Spring
1978-04-01,1978,4,4.0,9.3,-1.4,61.7,2.2,63.9,Spring
1978-05-01,1978,5,13.2,19.1,7.3,68.2,0.0,68.2,Spring
1978-06-01,1978,6,16.7,23.8,9.6,25.2,0.0,25.2,Summer
1978-07-01,1978,7,20.4,27.3,13.5,42.5,0.0,42.5,Summer
1978-08-01,1978,8,19.7,26.3,13.0,63.6,0.0,63.6,Summer
1978-09-01,1978,9,14.6,20.3,8.9,134.3,0.0,134.3,Fall
1978-10-01,1978,10,8.2,13.5,2.8,56.2,0.0,56.2,Fall
1978-11-01,1978,11,3.0,7.7,-1.8,44.4,11.6,52.9,Fall
1978-12-01,1978,12,-2.8,1.0,-6.5,40.3,21.6,61.1,Winter
1979-01-01,1979,1,-7.7,-4.1,-11.3,32.4,41.1,69.6,Winter
1979-02-01,1979,2,-10.8,-6.5,-15.1,12.0,27.6,33.5,Winter
1979-03-01,1979,3,1.6,6.5,-3.3,45.6,3.0,48.1,Spring
1979-04-01,1979,4,5.3,10.2,0.4,62.2,25.8,88.6,Spring
1979-05-01,1979,5,11.4,17.2,5.6,99.2,0.0,99.2,Spring
1979-06-01,1979,6,17.2,23.6,10.8,71.8,0.0,71.8,Summer
1979-07-01,1979,7,20.5,26.9,14.0,68.0,0.0,68.0,Summer
1979-08-01,1979,8,18.6,24.3,12.8,74.2,0.0,74.2,Summer
1979-09-01,1979,9,14.9,21.6,8.2,44.5,0.0,44.5,Fall
1979-10-01,1979,10,8.5,12.6,4.4,84.2,0.0,84.2,Fall
1979-11-01,1979,11,3.7,7.8,-0.4,94.7,1.0,96.5,Fall
1979-12-01,1979,12,-1.1,2.7,-4.9,84.4,24.3,101.0,Winter
1980-01-01,1980,1,-5.1,-1.3,-8.8,30.6,10.9,37.8,Winter
1980-02-01,1980,2,-7.8,-3.3,-12.3,6.0,13.8,16.1,Winter
1980-03-01,1980,3,-2.0,2.2,-6.1,54.1,29.4,82.8,Spring
1980-04-01,1980,4,6.2,11.2,1.1,111.6,0.3,111.9,Spring
1980-05-01,1980,5,13.8,20.3,7.3,48.7,0.0,48.7,Spring
1980-06-01,1980,6,15.2,21.0,9.3,89.2,0.0,89.2,Summer
1980-07-01,1980,7,20.4,26.3,14.5,182.3,0.0,182.3,Summer
1980-08-01,1980,8,21.3,26.7,15.8,37.3,0.0,37.3,Summer
1980-09-01,1980,9,15.0,21.0,9.0,53.1,0.0,53.1,Fall
1980-10-01,1980,10,7.0,11.0,3.0,88.7,0.0,88.7,Fall
1980-11-01,1980,11,2.1,5.6,-1.5,26.5,10.6,35.3,Fall
1980-12-01,1980,12,-6.6,-1.6,-11.5,37.6,29.2,64.7,Winter
1981-01-01,1981,1,-10.2,-5.6,-14.8,0.0,14.8,11.9,Winter
1981-02-01,1981,2,-2.1,2.1,-6.2,45.4,19.5,66.2,Winter
1981-03-01,1981,3,0.0,4.9,-4.9,12.4,7.3,17.8,Spring
1981-04-01,1981,4,7.6,13.4,1.7,49.3,0.4,49.7,Spring
1981-05-01,1981,5,11.8,18.1,5.4,58.1,0.0,58.1,Spring
1981-06-01,1981,6,17.3,23.3,11.3,61.5,0.0,61.5,Summer
1981-07-01,1981,7,20.6,26.8,14.4,66.6,0.0,66.6,Summer
1981-08-01,1981,8,19.4,24.6,14.1,128.5,0.0,128.5,Summer
1981-09-01,1981,9,14.3,18.9,9.7,103.3,0.0,103.3,Fall
1981-10-01,1981,10,6.5,10.8,2.1,126.1,6.1,134.9,Fall
1981-11-01,1981,11,3.4,7.6,-0.8,56.1,1.7,57.8,Fall
1981-12-01,1981,12,-2.9,0.4,-6.2,9.0,20.8,34.0,Winter
1982-01-01,1982,1,-10.1,-5.1,-15.0,20.4,44.0,54.3,Winter
1982-02-01,1982,2,-7.6,-3.2,-11.9,1.8,27.2,28.3,Winter
1982-03-01,1982,3,-2.0,2.3,-6.3,41.7,24.6,64.8,Spring
1982-04-01,1982,4,4.7,10.6,-1.3,39.4,4.6,43.1,Spring
1982-05-01,1982,5,14.3,20.1,8.4,45.1,0.0,45.1,Spring
1982-06-01,1982,6,15.2,20.3,10.1,112.5,0.0,112.5,Summer
1982-07-01,1982,7,20.9,27.4,14.4,31.1,0.0,31.1,Summer
1982-08-01,1982,8,17.3,23.2,11.4,120.1,0.0,120.1,Summer
1982-09-01,1982,9,14.8,20.1,9.5,128.9,0.0,128.9,Fall
1982-10-01,1982,10,9.7,15.0,4.3,43.5,0.0,43.5,Fall
1982-11-01,1982,11,3.9,7.6,0.2,94.0,1.0,94.8,Fall
1982-12-01,1982,12,0.7,4.7,-3.3,56.8,30.4,80.9,Winter
1983-01-01,1983,1,-4.1,-0.3,-7.9,21.5,13.0,33.7,Winter
1983-02-01,1983,2,-3.1,0.8,-6.9,34.7,7.7,40.6,Winter
1983-03-01,1983,3,0.6,4.5,-3.4,59.3,17.4,77.3,Spring
1983-04-01,1983,4,5.5,10.1,0.8,82.0,2.0,83.2,Spring
1983-05-01,1983,5,10.1,15.5,4.6,99.5,0.0,99.5,Spring
1983-06-01,1983,6,18.3,25.0,11.6,33.0,0.0,33.0,Summer
1983-07-01,1983,7,22.3,29.0,15.6,18.3,0.0,18.3,Summer
1983-08-01,1983,8,21.1,26.9,15.2,112.2,0.0,112.2,Summer
1983-09-01,1983,9,16.7,23.2,10.2,54.9,0.0,54.9,Fall
1983-10-01,1983,10,8.9,13.8,3.9,71.8,0.0,71.8,Fall
1983-11-01,1983,11,3.3,7.2,-0.6,78.9,11.9,89.1,Fall
1983-12-01,1983,12,-6.4,-2.8,-9.9,46.2,36.3,82.0,Winter
1984-01-01,1984,1,-9.7,-5.0,-14.3,3.6,33.4,30.2,Winter
1984-02-01,1984,2,-1.5,2.5,-5.5,39.2,24.4,59.0,Winter
1984-03-01,1984,3,-4.6,-0.1,-9.1,35.4,24.5,59.5,Spring
1984-04-01,1984,4,7.2,12.0,2.3,56.5,1.6,58.7,Spring
1984-05-01,1984,5,10.3,15.6,5.0,102.8,0.0,102.8,Spring
1984-06-01,1984,6,18.2,24.3,12.0,48.1,0.0,48.1,Summer
1984-07-01,1984,7,19.8,25.9,13.6,63.3,0.0,63.3,Summer
1984-08-01,1984,8,21.1,27.2,14.9,63.8,0.0,63.8,Summer
1984-09-01,1984,9,13.9,19.4,8.3,74.7,0.0,74.7,Fall
1984-10-01,1984,10,10.3,15.2,5.4,26.1,0.0,26.1,Fall
1984-11-01,1984,11,2.7,7.3,-1.9,69.3,0.6,69.9,Fall
1984-12-01,1984,12,-0.2,4.0,-4.3,41.2,19.4,61.3,Winter
1985-01-01,1985,1,-8.4,-4.4,-12.4,11.4,56.0,76.6,Winter
1985-02-01,1985,2,-5.8,-1.7,-9.9,36.5,41.0,83.1,Winter
1985-03-01,1985,3,0.3,5.3,-4.7,45.6,28.6,78.6,Spring
1985-04-01,1985,4,7.3,12.9,1.6,27.5,5.6,33.1,Spring
1985-05-01,1985,5,13.1,19.6,6.6,75.9,0.0,75.9,Spring
1985-06-01,1985,6,15.7,21.6,9.7,37.3,0.0,37.3,Summer
1985-07-01,1985,7,19.6,25.5,13.6,91.5,0.0,91.5,Summer
1985-08-01,1985,8,19.4,25.1,13.6,152.5,0.0,152.5,Summer
1985-09-01,1985,9,17.0,22.7,11.3,57.6,0.0,57.6,Fall
1985-10-01,1985,10,9.4,14.5,4.3,52.3,0.0,52.3,Fall
1985-11-01,1985,11,3.4,6.1,0.7,149.6,11.0,161.8,Fall
1985-12-01,1985,12,-4.6,-1.5,-7.7,13.9,25.2,35.9,Winter
1986-01-01,1986,1,-5.6,-1.6,-9.5,14.9,18.8,26.5,Winter
1986-02-01,1986,2,-6.1,-2.8,-9.4,12.8,20.2,32.0,Winter
1986-03-01,1986,3,0.6,5.5,-4.4,34.6,14.4,48.8,Spring
1986-04-01,1986,4,7.6,13.1,2.0,51.6,2.2,54.0,Spring
1986-05-01,1986,5,14.3,20.0,8.5,75.2,0.0,75.2,Spring
1986-06-01,1986,6,16.4,22.6,10.1,67.4,0.0,67.4,Summer
1986-07-01,1986,7,21.0,26.4,15.6,122.3,0.0,122.3,Summer
1986-08-01,1986,8,18.4,24.4,12.4,146.2,0.0,146.2,Summer
1986-09-01,1986,9,14.7,19.5,9.9,212.3,0.0,212.3,Fall
1986-10-01,1986,10,8.7,13.9,3.5,54.8,0.0,54.8,Fall
1986-11-01,1986,11,1.6,5.9,-2.7,27.8,14.2,44.4,Fall
1986-12-01,1986,12,-1.2,1.7,-4.1,53.7,13.2,67.3,Winter
1987-01-01,1987,1,-4.6,-1.0,-8.2,0.6,58.4,56.6,Winter
1987-02-01,1987,2,-5.8,-0.7,-10.8,3.8,10.0,14.8,Winter
1987-03-01,1987,3,1.8,7.6,-4.0,31.8,14.4,44.2,Spring
1987-04-01,1987,4,8.8,14.2,3.3,43.6,5.0,49.8,Spring
1987-05-01,1987,5,14.7,21.4,7.9,29.6,0.0,29.6,Spring
1987-06-01,1987,6,19.6,26.0,13.1,68.3,0.0,68.3,Summer
1987-07-01,1987,7,22.5,27.9,17.1,108.1,0.0,108.1,Summer
1987-08-01,1987,8,19.6,25.4,13.7,52.3,0.0,52.3,Summer
1987-09-01,1987,9,15.5,20.6,10.3,108.0,0.0,108.0,Fall
1987-10-01,1987,10,7.0,12.2,1.8,47.1,1.0,48.1,Fall
1987-11-01,1987,11,3.4,7.8,-1.0,77.8,5.6,83.4,Fall
1987-12-01,1987,12,-0.3,2.6,-3.1,32.6,12.6,47.4,Winter
1988-01-01,1988,1,-4.5,-0.1,-8.9,16.9,4.8,21.5,Winter
1988-02-01,1988,2,-6.8,-1.8,-11.7,12.0,52.0,64.6,Winter
1988-03-01,1988,3,-0.8,3.8,-5.3,21.2,2.4,23.6,Spring
1988-04-01,1988,4,5.9,10.7,1.1,55.2,0.0,55.2,Spring
1988-05-01,1988,5,13.9,20.2,7.6,39.6,0.0,39.6,Spring
1988-06-01,1988,6,17.7,25.0,10.4,25.0,0.0,25.0,Summer
1988-07-01,1988,7,22.9,29.7,16.1,109.7,0.0,109.7,Summer
1988-08-01,1988,8,21.4,27.4,15.3,37.2,0.0,37.2,Summer
1988-09-01,1988,9,15.5,21.2,9.7,70.6,0.0,70.6,Fall
1988-10-01,1988,10,7.2,11.6,2.7,67.4,0.0,67.4,Fall
1988-11-01,1988,11,4.5,8.0,1.0,58.1,0.0,58.1,Fall
1988-12-01,1988,12,-2.8,1.5,-7.1,18.6,15.6,31.5,Winter
1989-01-01,1989,1,-2.2,1.9,-6.2,18.8,11.2,25.9,Winter
1989-02-01,1989,2,-6.5,-2.3,-10.6,0.8,22.0,19.0,Winter
1989-03-01,1989,3,-2.1,2.6,-6.7,14.6,16.8,37.1,Spring
1989-04-01,1989,4,5.1,10.3,-0.2,36.6,6.0,41.1,Spring
1989-05-01,1989,5,13.0,18.5,7.4,78.2,0.6,79.2,Spring
1989-06-01,1989,6,18.4,23.5,13.3,94.7,0.0,94.7,Summer
1989-07-01,1989,7,21.5,27.7,15.2,70.4,0.0,70.4,Summer
1989-08-01,1989,8,19.7,25.4,13.9,39.6,0.0,39.6,Summer
1989-09-01,1989,9,15.7,21.5,9.9,44.1,0.0,44.1,Fall
1989-10-01,1989,10,9.8,15.4,4.2,76.0,0.0,76.2,Fall
1989-11-01,1989,11,1.9,6.5,-2.8,78.3,5.0,78.5,Fall
1989-12-01,1989,12,-10.1,-5.4,-14.7,3.6,30.6,23.8,Winter
1990-01-01,1990,1,-0.8,2.8,-4.3,23.1,12.8,36.7,Winter
1990-02-01,1990,2,-3.5,1.0,-8.0,47.0,26.0,76.9,Winter
1990-03-01,1990,3,0.7,5.1,-3.8,24.7,4.4,28.7,Spring
1990-04-01,1990,4,8.3,13.7,2.8,50.8,2.6,53.0,Spring
1990-05-01,1990,5,11.6,17.3,5.9,86.6,0.0,86.6,Spring
1990-06-01,1990,6,18.7,24.6,12.7,69.4,0.0,69.4,Summer
1990-07-01,1990,7,20.9,26.6,15.1,68.4,0.0,68.4,Summer
1990-08-01,1990,8,20.3,25.7,14.9,112.6,0.0,112.6,Summer
1990-09-01,1990,9,15.3,20.8,9.8,42.8,0.0,42.8,Fall
1990-10-01,1990,10,9.5,14.6,4.3,87.8,0.0,87.8,Fall
1990-11-01,1990,11,4.6,9.3,-0.2,38.6,1.6,39.6,Fall
1990-12-01,1990,12,-1.0,3.3,-5.2,81.5,28.8,112.8,Winter
1991-01-01,1991,1,-5.7,-1.7,-9.7,11.3,24.6,33.6,Winter
1991-02-01,1991,2,-2.4,1.9,-6.7,2.9,24.0,23.5,Winter
1991-03-01,1991,3,1.6,6.1,-2.8,88.0,9.4,98.1,Spring
1991-04-01,1991,4,8.7,13.4,3.9,114.7,0.4,115.4,Spring
1991-05-01,1991,5,16.3,22.3,10.3,83.6,0.0,83.6,Spring
1991-06-01,1991,6,20.0,26.2,13.8,24.4,0.0,24.4,Summer
1991-07-01,1991,7,21.7,27.5,15.8,91.0,0.0,91.0,Summer
1991-08-01,1991,8,21.1,26.6,15.5,91.4,0.0,91.4,Summer
1991-09-01,1991,9,14.9,21.0,8.7,52.1,0.0,52.1,Fall
1991-10-01,1991,10,10.4,15.4,5.3,46.3,0.0,46.3,Fall
1991-11-01,1991,11,2.4,6.4,-1.5,42.5,18.2,56.3,Fall
1991-12-01,1991,12,-2.4,2.2,-6.9,13.4,34.0,44.7,Winter
1992-01-01,1992,1,-4.2,-0.8,-7.6,13.6,26.6,37.2,Winter
1992-02-01,1992,2,-3.9,0.0,-7.8,23.6,10.0,35.0,Winter
1992-03-01,1992,3,-1.1,3.5,-5.8,16.5,6.6,21.7,Spring
1992-04-01,1992,4,5.6,9.9,1.2,133.4,0.6,133.8,Spring
1992-05-01,1992,5,12.3,18.3,6.3,69.7,0.0,69.7,Spring
1992-06-01,1992,6,16.4,22.6,10.1,37.2,0.0,37.2,Summer
1992-07-01,1992,7,18.0,22.9,13.1,134.5,0.0,134.5,Summer
1992-08-01,1992,8,17.9,23.0,12.8,154.4,0.0,154.4,Summer
1992-09-01,1992,9,14.7,20.2,9.1,98.4,0.0,98.4,Fall
1992-10-01,1992,10,7.4,12.5,2.3,65.2,0.4,66.0,Fall
1992-11-01,1992,11,2.8,5.9,-0.3,94.4,13.6,107.2,Fall
1992-12-01,1992,12,-1.6,1.4,-4.7,24.3,35.0,56.3,Winter
1993-01-01,1993,1,-4.0,-0.1,-7.8,43.1,27.2,70.6,Winter
1993-02-01,1993,2,-8.4,-3.3,-13.4,0.0,31.8,26.6,Winter
1993-03-01,1993,3,-2.0,2.6,-6.7,6.6,28.0,31.0,Spring
1993-04-01,1993,4,6.6,11.6,1.5,83.8,1.6,85.4,Spring
1993-05-01,1993,5,12.1,18.4,5.8,51.6,0.0,51.6,Spring
1993-06-01,1993,6,17.1,22.6,11.6,133.8,0.0,133.8,Summer
1993-07-01,1993,7,21.7,27.2,16.0,87.7,0.0,87.7,Summer
1993-08-01,1993,8,21.1,27.0,15.1,39.9,0.0,39.9,Summer
1993-09-01,1993,9,13.6,19.1,8.1,59.2,0.0,59.2,Fall
1993-10-01,1993,10,7.9,13.3,2.4,70.0,0.8,71.0,Fall
1993-11-01,1993,11,3.1,6.9,-0.8,61.4,3.8,65.2,Fall
1993-12-01,1993,12,-2.7,1.1,-6.4,20.4,8.8,28.8,Winter
1994-01-01,1994,1,-12.4,-7.3,-17.4,30.6,37.8,61.0,Winter
1994-02-01,1994,2,-8.3,-3.6,-13.0,0.0,24.8,20.2,Winter
1994-03-01,1994,3,-0.8,3.4,-4.9,23.8,29.0,51.2,Spring
1994-04-01,1994,4,7.3,12.9,1.7,83.4,13.2,96.0,Spring
1994-05-01,1994,5,11.8,17.6,5.9,78.8,0.0,78.8,Spring
1994-06-01,1994,6,19.1,24.9,13.2,54.4,0.0,54.4,Summer
1994-07-01,1994,7,21.5,27.3,15.7,83.0,0.0,83.0,Summer
1994-08-01,1994,8,18.7,24.4,13.0,60.1,0.0,60.1,Summer
1994-09-01,1994,9,15.9,21.5,10.2,51.4,0.0,51.4,Fall
1994-10-01,1994,10,10.0,15.4,4.4,27.4,0.0,27.4,Fall
1994-11-01,1994,11,5.4,9.8,0.9,76.7,9.2,84.9,Fall
1994-12-01,1994,12,-0.1,3.7,-4.0,23.8,27.0,51.4,Winter
1995-01-01,1995,1,-3.1,0.1,-6.2,110.0,24.6,133.3,Winter
1995-02-01,1995,2,-7.3,-2.7,-11.8,8.8,14.6,20.8,Winter
1995-03-01,1995,3,1.9,7.2,-3.4,43.2,8.0,50.8,Spring
1995-04-01,1995,4,4.1,8.8,-0.6,71.8,5.4,76.6,Spring
1995-05-01,1995,5,13.3,19.0,7.6,87.0,0.0,87.0,Spring
1995-06-01,1995,6,19.9,25.5,14.4,52.1,0.0,52.1,Summer
1995-07-01,1995,7,21.9,27.4,16.3,55.4,0.0,55.4,Summer
1995-08-01,1995,8,21.8,27.0,16.6,135.4,0.0,135.4,Summer
1995-09-01,1995,9,14.0,20.1,7.8,27.5,0.0,27.5,Fall
1995-10-01,1995,10,11.0,15.4,6.6,131.8,0.0,131.8,Fall
1995-11-01,1995,11,1.0,3.9,-2.0,92.6,27.2,121.6,Fall
1995-12-01,1995,12,-5.1,-1.8,-8.5,5.0,30.6,35.8,Winter
1996-01-01,1996,1,-6.7,-2.1,-11.2,51.2,25.0,72.6,Winter
1996-02-01,1996,2,-5.8,-2.1,-9.5,26.0,10.6,38.2,Winter
1996-03-01,1996,3,-2.8,1.9,-7.5,2.2,34.4,36.2,Spring
1996-04-01,1996,4,4.4,8.9,-0.2,81.6,17.4,101.6,Spring
1996-05-01,1996,5,11.6,17.1,6.1,90.6,0.0,90.6,Spring
1996-06-01,1996,6,18.6,23.1,14.1,118.0,0.0,118.0,Summer
1996-07-01,1996,7,19.6,24.8,14.3,97.4,0.0,97.4,Summer
1996-08-01,1996,8,20.7,26.3,15.2,48.2,0.0,48.2,Summer
1996-09-01,1996,9,16.5,21.1,11.9,166.2,0.0,166.2,Fall
1996-10-01,1996,10,9.2,13.6,4.7,75.8,0.0,75.8,Fall
1996-11-01,1996,11,0.9,4.1,-2.3,23.4,6.8,29.8,Fall
1996-12-01,1996,12,-0.4,2.5,-3.3,66.2,28.2,95.2,Winter
1997-01-01,1997,1,-6.4,-1.8,-10.9,18.2,48.8,64.6,Winter
1997-02-01,1997,2,-3.2,1.4,-7.7,62.0,16.4,78.6,Winter
1997-03-01,1997,3,-1.4,2.7,-5.4,29.8,41.6,69.8,Spring
1997-04-01,1997,4,5.8,11.2,0.4,25.2,2.6,29.2,Spring
1997-05-01,1997,5,9.6,14.9,4.2,65.4,0.0,65.4,Spring
1997-06-01,1997,6,19.8,25.5,14.0,50.8,0.0,50.8,Summer
1997-07-01,1997,7,20.9,26.8,15.0,30.0,0.0,30.0,Summer
1997-08-01,1997,8,19.0,24.4,13.4,71.8,0.0,71.8,Summer
1997-09-01,1997,9,15.5,20.9,10.0,48.0,0.0,48.0,Fall
1997-10-01,1997,10,9.5,14.7,4.2,32.2,2.8,35.2,Fall
1997-11-01,1997,11,2.5,5.9,-1.0,35.2,19.2,55.0,Fall
1997-12-01,1997,12,-0.9,2.2,-4.0,17.0,12.2,30.2,Winter
1998-01-01,1998,1,-2.2,1.0,-5.3,72.8,24.0,97.2,Winter
1998-02-01,1998,2,-0.3,3.4,-4.0,43.8,1.4,45.8,Winter
1998-03-01,1998,3,2.1,6.4,-2.1,72.4,28.0,98.4,Spring
1998-04-01,1998,4,8.6,14.4,2.8,57.2,0.0,57.2,Spring
1998-05-01,1998,5,17.0,22.5,11.5,71.8,0.0,71.8,Spring
1998-06-01,1998,6,18.9,24.4,13.4,80.5,0.0,80.5,Summer
1998-07-01,1998,7,21.2,27.0,15.4,45.4,0.0,45.4,Summer
1998-08-01,1998,8,21.7,27.6,15.7,26.8,0.0,26.8,Summer
1998-09-01,1998,9,18.2,24.7,11.6,38.4,0.0,38.4,Fall
1998-10-01,1998,10,10.8,15.8,5.7,24.0,0.0,24.0,Fall
1998-11-01,1998,11,4.9,8.6,1.1,33.6,0.0,33.6,Fall
1998-12-01,1998,12,0.7,5.1,-3.6,55.2,8.1,63.0,Winter
1999-01-01,1999,1,-6.2,-2.3,-10.1,33.0,79.6,107.0,Winter
1999-02-01,1999,2,-1.6,2.4,-5.6,24.0,3.4,27.4,Winter
1999-03-01,1999,3,0.2,4.7,-4.3,0.6,21.4,23.4,Spring
1999-04-01,1999,4,8.1,13.1,3.1,43.3,3.6,48.9,Spring
1999-05-01,1999,5,15.5,21.2,9.7,39.0,0.0,39.0,Spring
1999-06-01,1999,6,20.4,25.7,15.0,66.2,0.0,66.2,Summer
1999-07-01,1999,7,24.3,30.0,18.6,44.4,0.0,44.4,Summer
1999-08-01,1999,8,20.3,24.9,15.6,59.0,0.0,59.0,Summer
1999-09-01,1999,9,18.0,23.3,12.6,80.0,0.0,80.0,Fall
1999-10-01,1999,10,9.4,14.1,4.5,61.8,0.0,61.8,Fall
1999-11-01,1999,11,5.8,9.6,1.9,77.0,1.2,78.2,Fall
1999-12-01,1999,12,-0.7,3.1,-4.4,17.4,8.6,26.5,Winter
2000-01-01,2000,1,-5.8,-1.1,-10.5,16.4,17.0,29.2,Winter
2000-02-01,2000,2,-3.1,1.1,-7.4,15.4,39.1,48.4,Winter
2000-03-01,2000,3,4.5,9.4,-0.4,10.2,7.8,18.8,Spring
2000-04-01,2000,4,6.7,11.2,2.2,72.4,7.6,79.3,Spring
2000-05-01,2000,5,14.3,19.3,9.2,124.4,0.0,124.4,Spring
2000-06-01,2000,6,18.2,23.6,12.8,169.2,0.0,169.2,Summer
2000-07-01,2000,7,20.1,24.9,15.2,33.8,0.0,33.8,Summer
2000-08-01,2000,8,20.6,25.8,15.4,38.0,0.0,38.0,Summer
2000-09-01,2000,9,15.9,21.1,10.6,70.0,0.0,70.0,Fall
2000-10-01,2000,10,11.2,16.2,6.1,17.6,0.0,17.6,Fall
2000-11-01,2000,11,3.6,7.2,0.0,55.0,0.4,55.6,Fall
2000-12-01,2000,12,-7.2,-3.0,-11.3,12.8,63.8,71.4,Winter
2001-01-01,2001,1,-4.1,-0.6,-7.5,21.0,10.8,31.2,Winter
2001-02-01,2001,2,-3.0,0.6,-6.5,55.6,36.0,94.0,Winter
2001-03-01,2001,3,-0.3,3.2,-3.8,8.8,26.4,31.4,Spring
2001-04-01,2001,4,8.3,13.9,2.5,35.8,0.6,36.4,Spring
2001-05-01,2001,5,14.8,20.2,9.3,92.2,0.0,92.2,Spring
2001-06-01,2001,6,19.7,24.7,14.5,61.8,0.0,61.8,Summer
2001-07-01,2001,7,21.0,26.2,15.6,34.0,0.0,34.0,Summer
2001-08-01,2001,8,23.2,28.8,17.5,34.6,0.0,34.6,Summer
2001-09-01,2001,9,16.7,22.1,11.3,50.4,0.0,50.4,Fall
2001-10-01,2001,10,10.6,15.0,6.1,108.8,0.0,108.8,Fall
2001-11-01,2001,11,7.1,11.3,2.9,75.0,0.0,75.0,Fall
2001-12-01,2001,12,1.7,5.1,-1.7,33.0,7.8,40.6,Winter
2002-01-01,2002,1,-0.5,2.7,-3.7,14.6,31.4,46.2,Winter
2002-02-01,2002,2,-1.3,2.9,-5.5,29.6,7.0,38.4,Winter
2002-03-01,2002,3,0.4,4.8,-4.0,44.1,17.6,61.3,Spring
2002-04-01,2002,4,7.3,11.8,2.7,88.8,12.2,103.2,Spring
2002-05-01,2002,5,10.9,16.3,5.4,80.7,0.0,80.7,Spring
2002-06-01,2002,6,19.1,24.5,13.7,59.6,0.0,59.6,Summer
2002-07-01,2002,7,24.2,30.1,18.3,59.0,0.0,59.0,Summer
2002-08-01,2002,8,22.6,28.4,16.8,11.6,0.0,11.6,Summer
2002-09-01,2002,9,20.2,25.9,14.4,59.2,0.0,59.2,Fall
2002-10-01,2002,10,8.9,13.1,4.6,43.0,0.0,43.0,Fall
2002-11-01,2002,11,3.2,6.6,-0.2,42.2,27.2,67.2,Fall
2002-12-01,2002,12,-2.0,1.7,-5.7,14.2,19.5,32.5,Winter
2003-01-01,2003,1,-8.3,-4.2,-12.3,0.0,41.4,35.4,Winter
2003-02-01,2003,2,-7.0,-2.4,-11.5,22.6,23.6,46.8,Winter
2003-03-01,2003,3,-0.7,4.6,-6.1,27.8,23.8,50.0,Spring
2003-04-01,2003,4,5.7,10.9,0.4,21.6,15.2,60.8,Spring
2003-05-01,2003,5,12.3,17.0,7.5,152.8,0.0,152.8,Spring
2003-06-01,2003,6,18.3,23.6,13.0,63.8,0.0,63.8,Summer
2003-07-01,2003,7,21.8,27.1,16.5,66.2,0.0,66.2,Summer
2003-08-01,2003,8,22.1,27.2,16.9,53.4,0.0,53.4,Summer
2003-09-01,2003,9,17.0,22.0,11.9,114.2,0.0,114.2,Fall
2003-10-01,2003,10,9.1,13.9,4.2,49.4,0.0,49.4,Fall
2003-11-01,2003,11,4.7,8.4,1.0,135.2,6.4,141.2,Fall
2003-12-01,2003,12,-0.1,3.2,-3.5,45.0,19.2,61.6,Winter
2004-01-01,2004,1,-9.4,-5.2,-13.5,4.8,63.2,49.6,Winter
2004-02-01,2004,2,-3.8,0.5,-8.0,5.4,17.2,20.8,Winter
2004-03-01,2004,3,2.3,6.1,-1.6,51.8,14.2,63.4,Spring
2004-04-01,2004,4,7.0,11.9,2.0,63.6,0.6,64.2,Spring
2004-05-01,2004,5,13.2,18.4,7.8,98.8,0.0,98.8,Spring
2004-06-01,2004,6,17.6,23.0,12.1,62.8,0.0,62.8,Summer
2004-07-01,2004,7,20.7,25.2,16.1,119.8,0.0,119.8,Summer
2004-08-01,2004,8,19.5,24.4,14.6,60.0,0.0,60.0,Summer
2004-09-01,2004,9,18.4,23.8,12.9,25.2,0.0,25.2,Fall
2004-10-01,2004,10,10.7,15.0,6.4,35.2,0.0,35.2,Fall
2004-11-01,2004,11,5.4,9.2,1.5,62.0,2.8,64.8,Fall
2004-12-01,2004,12,-2.8,1.2,-6.7,53.9,36.9,90.4,Winter
2005-01-01,2005,1,-6.8,-2.8,-10.9,37.8,33.2,70.4,Winter
2005-02-01,2005,2,-4.0,0.2,-8.2,43.0,33.4,75.6,Winter
2005-03-01,2005,3,-1.6,2.6,-5.9,9.6,25.6,32.8,Spring
2005-04-01,2005,4,7.8,12.8,2.7,81.2,16.2,97.6,Spring
2005-05-01,2005,5,11.9,17.2,6.6,14.4,0.0,14.4,Spring
2005-06-01,2005,6,22.6,27.9,17.3,31.8,0.0,31.8,Summer
2005-07-01,2005,7,24.1,29.9,18.3,20.4,0.0,20.4,Summer
2005-08-01,2005,8,22.5,27.7,17.3,135.6,0.0,135.6,Summer
2005-09-01,2005,9,19.0,24.5,13.4,79.6,0.0,79.6,Fall
2005-10-01,2005,10,11.1,15.0,7.2,47.4,0.0,47.4,Fall
2005-11-01,2005,11,5.1,9.3,0.8,91.4,12.4,102.2,Fall
2005-12-01,2005,12,-3.5,-0.7,-6.2,20.0,41.8,58.9,Winter
2006-01-01,2006,1,0.2,3.8,-3.4,66.6,7.8,74.6,Winter
2006-02-01,2006,2,-3.6,0.0,-7.2,53.8,21.6,74.8,Winter
2006-03-01,2006,3,1.3,5.9,-3.2,47.8,1.4,48.8,Spring
2006-04-01,2006,4,8.2,13.8,2.6,62.4,0.0,62.4,Spring
2006-05-01,2006,5,14.4,19.7,9.1,82.0,0.0,82.0,Spring
2006-06-01,2006,6,19.8,24.7,14.8,45.4,0.0,45.4,Summer
2006-07-01,2006,7,23.4,28.6,18.2,105.2,0.0,105.2,Summer
2006-08-01,2006,8,21.1,26.0,16.2,40.2,0.0,40.2,Summer
2006-09-01,2006,9,15.7,19.9,11.5,77.6,0.0,77.6,Fall
2006-10-01,2006,10,8.7,13.1,4.3,120.6,0.0,120.6,Fall
2006-11-01,2006,11,5.3,8.9,1.6,71.7,0.0,71.7,Fall
2006-12-01,2006,12,1.9,5.1,-1.5,60.6,1.6,62.4,Winter
2007-01-01,2007,1,-2.9,0.6,-6.3,23.4,15.8,38.6,Winter
2007-02-01,2007,2,-8.4,-4.6,-12.2,0.0,27.2,24.6,Winter
2007-03-01,2007,3,0.4,4.9,-4.1,18.8,13.3,33.4,Spring
2007-04-01,2007,4,6.1,10.5,1.7,58.4,2.4,60.8,Spring
2007-05-01,2007,5,14.3,20.3,8.3,73.6,0.0,73.6,Spring
2007-06-01,2007,6,20.8,26.9,14.6,43.2,0.0,43.2,Summer
2007-07-01,2007,7,21.3,27.0,15.6,47.4,0.0,47.4,Summer
2007-08-01,2007,8,22.4,28.1,16.7,20.8,0.0,20.8,Summer
2007-09-01,2007,9,18.4,24.3,12.4,28.6,0.0,28.6,Fall
2007-10-01,2007,10,14.2,19.0,9.4,41.2,0.0,41.2,Fall
2007-11-01,2007,11,2.6,6.6,-1.5,73.6,11.0,87.8,Fall
2007-12-01,2007,12,-2.3,0.6,-5.3,49.2,44.4,92.7,Winter
2008-01-01,2008,1,-2.1,1.3,-5.5,35.6,22.8,58.2,Winter
2008-02-01,2008,2,-5.3,-1.2,-9.3,30.6,76.8,107.6,Winter
2008-03-01,2008,3,-1.7,2.0,-5.4,23.2,38.0,61.6,Spring
2008-04-01,2008,4,9.5,15.2,3.8,53.6,1.0,54.6,Spring
2008-05-01,2008,5,11.8,17.2,6.5,68.8,0.0,68.8,Spring
2008-06-01,2008,6,19.6,24.5,14.7,110.4,0.0,110.4,Summer
2008-07-01,2008,7,21.5,26.6,16.4,193.2,0.0,193.2,Summer
2008-08-01,2008,8,19.7,24.6,14.7,92.6,0.0,92.6,Summer
2008-09-01,2008,9,16.9,21.8,12.0,83.4,0.0,83.4,Fall
2008-10-01,2008,10,9.0,14.0,4.0,39.6,0.0,39.6,Fall
2008-11-01,2008,11,2.9,6.7,-0.8,69.9,13.1,79.8,Fall
2008-12-01,2008,12,-3.1,1.1,-7.3,40.0,64.8,99.8,Winter
2009-01-01,2009,1,-8.8,-4.5,-13.0,1.0,46.0,44.4,Winter
2009-02-01,2009,2,-3.7,0.9,-8.2,48.0,24.4,73.6,Winter
2009-03-01,2009,3,0.8,5.8,-4.2,68.0,0.6,68.8,Spring
2009-04-01,2009,4,7.8,13.0,2.6,129.6,3.8,133.6,Spring
2009-05-01,2009,5,13.1,18.9,7.2,60.8,0.0,60.8,Spring
2009-06-01,2009,6,17.5,22.3,12.7,70.2,0.0,70.2,Summer
2009-07-01,2009,7,19.2,24.2,14.2,84.8,0.0,84.8,Summer
2009-08-01,2009,8,20.6,25.5,15.7,144.0,0.0,144.0,Summer
2009-09-01,2009,9,16.9,21.9,11.8,40.2,0.0,40.2,Fall
2009-10-01,2009,10,8.7,12.7,4.7,71.0,0.0,71.0,Fall
2009-11-01,2009,11,6.0,10.3,1.6,32.2,0.0,32.2,Fall
2009-12-01,2009,12,-2.4,0.9,-5.6,61.0,14.2,80.4,Winter
2010-01-01,2010,1,-5.2,-1.9,-8.5,17.0,10.8,24.4,Winter
2010-02-01,2010,2,-3.4,0.0,-6.7,0.0,27.4,24.8,Winter
2010-03-01,2010,3,4.4,9.2,-0.5,62.6,0.0,62.6,Spring
2010-04-01,2010,4,10.5,16.2,4.7,36.2,0.0,36.2,Spring
2010-05-01,2010,5,16.0,21.5,10.5,51.0,0.0,51.0,Spring
2010-06-01,2010,6,19.2,23.8,14.6,191.6,0.0,191.6,Summer
2010-07-01,2010,7,23.3,28.5,18.0,89.6,0.0,89.6,Summer
2010-08-01,2010,8,22.4,27.4,17.4,58.6,0.0,58.6,Summer
2010-09-01,2010,9,16.4,21.2,11.6,88.2,0.0,88.2,Fall
2010-10-01,2010,10,10.2,14.9,5.5,56.8,0.4,57.2,Fall
2010-11-01,2010,11,4.5,9.0,0.0,66.2,0.0,66.2,Fall
2010-12-01,2010,12,-3.8,-0.8,-6.7,30.2,7.0,36.8,Winter
2011-01-01,2011,1,-7.0,-3.2,-10.8,11.4,43.8,42.0,Winter
2011-02-01,2011,2,-5.4,-0.9,-9.8,13.9,45.0,47.0,Winter
2011-03-01,2011,3,-0.5,3.7,-4.7,62.8,29.4,91.4,Spring
2011-04-01,2011,4,6.9,11.8,2.0,93.4,3.2,96.6,Spring
2011-05-01,2011,5,14.1,18.5,9.7,142.0,0.0,142.0,Spring
2011-06-01,2011,6,19.1,24.2,14.0,59.0,0.0,59.0,Summer
2011-07-01,2011,7,24.4,30.1,18.6,32.4,0.0,32.4,Summer
2011-08-01,2011,8,21.9,27.2,16.6,72.2,0.0,72.2,Summer
2011-09-01,2011,9,17.7,22.2,13.1,85.0,0.0,85.0,Fall
2011-10-01,2011,10,10.5,14.7,6.2,119.2,0.0,119.2,Fall
2011-11-01,2011,11,6.6,10.8,2.4,96.4,1.6,98.0,Fall
2011-12-01,2011,12,0.8,4.4,-2.8,43.6,8.2,52.0,Winter
2012-01-01,2012,1,-1.7,1.9,-5.3,37.6,16.2,54.2,Winter
2012-02-01,2012,2,-0.3,3.1,-3.7,14.2,12.6,26.6,Winter
2012-03-01,2012,3,6.7,12.4,1.0,15.6,2.4,18.0,Spring
2012-04-01,2012,4,7.3,12.8,1.7,41.8,1.8,43.6,Spring
2012-05-01,2012,5,16.6,22.1,11.0,44.4,0.0,44.4,Spring
2012-06-01,2012,6,20.6,26.1,15.1,76.4,0.0,76.4,Summer
2012-07-01,2012,7,24.3,30.0,18.6,100.0,0.0,100.0,Summer
2012-08-01,2012,8,21.6,26.9,16.2,52.4,0.0,52.4,Summer
2012-09-01,2012,9,16.4,21.5,11.2,121.0,0.0,121.0,Fall
2012-10-01,2012,10,10.2,14.2,6.2,126.4,0.0,126.4,Fall
2012-11-01,2012,11,3.5,7.4,-0.4,10.2,0.0,10.2,Fall
2012-12-01,2012,12,0.8,4.1,-2.5,43.2,16.2,58.4,Winter
